mot,term_frequency,doc_frequency
the,61,10
to,45,11
of,43,10
and,41,10
a,34,11
in,32,7
ai,27,8
for,22,8
intelligence,21,15
is,20,10
that,20,9
artificial,20,15
i,17,3
an,17,7
what,13,7
will,11,6
it,11,6
how,10,3
this,10,4
with,9,7
as,8,4
we,8,4
or,7,6
work,7,5
on,7,6
your,7,4
models,6,2
jobs,6,3
be,6,4
have,6,5
their,6,3
which,6,6
healthcare,6,2
framework,6,2
my,6,2
may,5,3
are,5,3
do,5,3
future,5,3
xai,5,1
more,5,3
research,5,4
going,5,1
you,5,3
am,5,1
s,5,4
similar,5,2
from,5,3
agi,4,2
any,4,2
field,4,2
can,4,2
problem,4,2
by,4,4
would,4,3
some,4,3
data,4,2
cps,4,1
using,4,2
general,4,3
already,4,2
two,4,4
over,4,4
t,3,2
behaviour,3,1
marketing,3,2
but,3,2
ve,3,1
years,3,2
case,3,2
replace,3,2
further,3,3
human,3,1
like,3,3
construct,3,2
systems,3,1
time,3,3
agents,3,3
top,3,2
career,3,1
knowledge,3,1
rationale,3,1
these,3,2
explanation,3,2
simulation,3,1
plans,3,1
currently,3,3
while,3,2
system,3,2
business,3,1
decisions,3,2
complex,3,2
decision,3,1
patient,3,1
communication,3,1
studying,3,1
treatment,3,1
been,3,3
not,3,3
scientific,2,1
method,2,1
out,2,2
at,2,1
experiences,2,1
change,2,2
potential,2,1
was,2,2
day,2,2
solutions,2,1
fast,2,2
optimal,2,1
all,2,2
noise,2,1
non,2,2
replacing,2,2
functions,2,1
environment,2,2
high,2,2
existing,2,1
study,2,1
costs,2,1
conclude,2,2
components,2,2
when,2,2
job,2,1
lot,2,2
health,2,1
appear,2,1
methodologies,2,2
re,2,2
clinical,2,1
driven,2,2
explore,2,1
few,2,2
solving,2,1
even,2,2
learning,2,2
such,2,2
comprehend,2,1
university,2,1
supposed,2,1
problems,2,1
learn,2,2
environments,2,1
living,2,1
integration,2,2
directions,2,2
facilitate,2,2
emergence,2,2
building,2,2
paying,2,2
obtaining,2,1
processes,2,2
our,2,1
develop,2,1
compressed,2,1
autonomous,2,1
hear,2,2
etc,2,2
increasingly,2,2
medicine,2,2
fermi,2,1
me,2,2
methods,2,1
about,2,2
control,2,1
ability,2,2
scenario,2,1
present,2,2
systematic,2,1
lines,2,1
major,2,2
sometimes,2,1
approach,2,2
then,2,2
paradox,2,1
pursue,2,1
formulation,2,2
across,2,2
fields,2,2
robot,2,1
agent,2,2
information,2,2
following,2,2
roughly,2,1
doomsday,2,1
experts,2,1
world,2,2
only,2,2
various,2,1
discusses,2,2
m,2,2
necessary,2,1
compulsions,2,1
than,2,2
signals,2,1
has,2,2
applications,1,1
approximate,1,1
genuinely,1,1
environmental,1,1
novel,1,1
published,1,1
improvement,1,1
requires,1,1
raised,1,1
resolving,1,1
anomalous,1,1
conflicting,1,1
uses,1,1
easily,1,1
random,1,1
deliver,1,1
science,1,1
everyone,1,1
ever,1,1
review,1,1
someone,1,1
unpredictable,1,1
folks,1,1
drill,1,1
suggests,1,1
evaluate,1,1
computer,1,1
current,1,1
paper,1,1
love,1,1
describing,1,1
same,1,1
markov,1,1
necessitate,1,1
extract,1,1
capturing,1,1
entry,1,1
well,1,1
situation,1,1
roof,1,1
unit,1,1
preferred,1,1
representations,1,1
usual,1,1
presentation,1,1
year,1,1
leveraging,1,1
because,1,1
other,1,1
personalized,1,1
week,1,1
robots,1,1
take,1,1
headed,1,1
d,1,1
representation,1,1
unified,1,1
finding,1,1
yet,1,1
realized,1,1
lays,1,1
expanding,1,1
through,1,1
creative,1,1
horrifies,1,1
adopt,1,1
walked,1,1
terrified,1,1
satisfy,1,1
food,1,1
survey,1,1
skills,1,1
interactions,1,1
under,1,1
deployment,1,1
categorize,1,1
online,1,1
thought,1,1
act,1,1
russia,1,1
per,1,1
actually,1,1
fee,1,1
record,1,1
literature,1,1
approaches,1,1
address,1,1
despite,1,1
writing,1,1
enrich,1,1
concerned,1,1
remains,1,1
algorithms,1,1
dramatic,1,1
limiting,1,1
investigate,1,1
standards,1,1
specific,1,1
growing,1,1
first,1,1
half,1,1
several,1,1
reason,1,1
give,1,1
us,1,1
school,1,1
thus,1,1
symbol,1,1
hybrid,1,1
implications,1,1
advantage,1,1
theories,1,1
via,1,1
meta,1,1
fight,1,1
challenges,1,1
opinion,1,1
cases,1,1
belief,1,1
used,1,1
evaluation,1,1
described,1,1
electronic,1,1
january,1,1
optimization,1,1
fears,1,1
choose,1,1
billionaire,1,1
often,1,1
networks,1,1
taking,1,1
serves,1,1
hello,1,1
economy,1,1
experimenting,1,1
prisma,1,1
overestimating,1,1
should,1,1
scope,1,1
personally,1,1
preceding,1,1
payment,1,1
attempt,1,1
purpose,1,1
where,1,1
promptly,1,1
his,1,1
labour,1,1
engineering,1,1
replacement,1,1
analysis,1,1
front,1,1
simple,1,1
amazon,1,1
context,1,1
algebra,1,1
myriad,1,1
look,1,1
new,1,1
rate,1,1
analyses,1,1
explainability,1,1
fell,1,1
here,1,1
bernie,1,1
researcher,1,1
let,1,1
equal,1,1
useful,1,1
namely,1,1
task,1,1
notice,1,1
onto,1,1
open,1,1
define,1,1
slides,1,1
still,1,1
build,1,1
busisness,1,1
think,1,1
policies,1,1
prevailing,1,1
plan,1,1
basis,1,1
hinder,1,1
meaning,1,1
discussion,1,1
sequential,1,1
custom,1,1
exploding,1,1
performance,1,1
effectively,1,1
dictates,1,1
lately,1,1
includes,1,1
boy,1,1
outside,1,1
specializing,1,1
reporting,1,1
water,1,1
ways,1,1
subjects,1,1
many,1,1
replaced,1,1
great,1,1
certain,1,1
alternative,1,1
focus,1,1
paths,1,1
were,1,1
operations,1,1
primary,1,1
seen,1,1
search,1,1
lol,1,1
uncertainty,1,1
necessity,1,1
why,1,1
capable,1,1
visualize,1,1
different,1,1
difficult,1,1
degree,1,1
won,1,1
oil,1,1
copies,1,1
possible,1,1
river,1,1
others,1,1
manipulation,1,1
observed,1,1
hard,1,1
developing,1,1
options,1,1
triumphant,1,1
briefly,1,1
isn,1,1
earth,1,1
repair,1,1
saved,1,1
deal,1,1
alone,1,1
demand,1,1
difficulties,1,1
cognitive,1,1
consists,1,1
inclined,1,1
threatening,1,1
sensible,1,1
development,1,1
took,1,1
couple,1,1
core,1,1
examination,1,1
compress,1,1
off,1,1
adapting,1,1
combines,1,1
expenses,1,1
service,1,1
derived,1,1
formalization,1,1
questions,1,1
due,1,1
wanted,1,1
software,1,1
outperforms,1,1
doubt,1,1
decide,1,1
better,1,1
relevant,1,1
hole,1,1
reviews,1,1
most,1,1
rise,1,1
means,1,1
missing,1,1
push,1,1
machine,1,1
observable,1,1
requirement,1,1
items,1,1
status,1,1
complexity,1,1
observations,1,1
level,1,1
within,1,1
tend,1,1
subsequently,1,1
careers,1,1
tasks,1,1
nominal,1,1
another,1,1
nothing,1,1
stage,1,1
b,1,1
existential,1,1
doctor,1,1
code,1,1
area,1,1
able,1,1
leave,1,1
definition,1,1
reach,1,1
parts,1,1
made,1,1
predictive,1,1
stimulate,1,1
comprehensive,1,1
making,1,1
exhaust,1,1
careful,1,1
go,1,1
worries,1,1
workflow,1,1
sub,1,1
imposed,1,1
class,1,1
shingles,1,1
reveals,1,1
around,1,1
chemistry,1,1
computational,1,1
nail,1,1
planning,1,1
especially,1,1
impairment,1,1
increase,1,1
young,1,1
pretty,1,1
operate,1,1
mechanisms,1,1
examples,1,1
parameters,1,1
synergistic,1,1
senator,1,1
uncertain,1,1
automation,1,1
being,1,1
use,1,1
those,1,1
latter,1,1
people,1,1
reminders,1,1
goal,1,1
economic,1,1
want,1,1
so,1,1
indistinguishable,1,1
planet,1,1
design,1,1
old,1,1
conducted,1,1
main,1,1
workers,1,1
tau,1,1
one,1,1
upon,1,1
rapidly,1,1
self,1,1
italy,1,1
steps,1,1
modern,1,1
signal,1,1
curious,1,1
imagine,1,1
music,1,1
safe,1,1
outcomes,1,1
intelligent,1,1
creativity,1,1
trustworthy,1,1
hands,1,1
industry,1,1
recently,1,1
improving,1,1
closer,1,1
contribute,1,1
disease,1,1
don,1,1
february,1,1
ll,1,1
exploring,1,1
explores,1,1
every,1,1
maintaining,1,1
analyzes,1,1
mine,1,1
tool,1,1
scary,1,1
constructs,1,1
anthropomorphic,1,1
trends,1,1
states,1,1
explainable,1,1
designs,1,1
extent,1,1
four,1,1
possess,1,1
given,1,1
factor,1,1
real,1,1
bridge,1,1
enhances,1,1
analyze,1,1
coding,1,1
advancements,1,1
dynamic,1,1
model,1,1
automate,1,1
suggested,1,1
deeply,1,1
article,1,1
baby,1,1
audits,1,1
hour,1,1
car,1,1
sanders,1,1
mere,1,1
post,1,1
evaluated,1,1
partially,1,1
concerns,1,1
entirely,1,1
accuracy,1,1
streams,1,1
anyone,1,1
tweaking,1,1
assistant,1,1
sure,1,1
seems,1,1
infer,1,1
cost,1,1
accountant,1,1
focuses,1,1
vs,1,1
outlines,1,1
scientist,1,1
